<?xml version="1.0" encoding="UTF-8"?>
<project-private xmlns="http://www.netbeans.org/ns/project-private/1">
    <editor-bookmarks xmlns="http://www.netbeans.org/ns/editor-bookmarks/2" lastBookmarkId="0"/>
    <open-files xmlns="http://www.netbeans.org/ns/projectui-open-files/2">
        <group>
            <file>file:/C:/Users/Rafae/Documents/NetBeansProjects/Agenda_Telefono/src/agenda_telefono/Agenda.java</file>
            <file>file:/C:/Users/Rafae/Documents/NetBeansProjects/Agenda_Telefono/src/agenda_telefono/Contacto.java</file>
            <file>file:/C:/Users/Rafae/Documents/NetBeansProjects/Agenda_Telefono/src/agenda_telefono/Agenda_Telefono.java</file>
        </group>
    </open-files>
</project-private>
